{
  "validation": {
    "accuracy": 0.9885922883869496,
    "precision": 0.47322970639032813,
    "recall": 0.7425474254742548,
    "f1_score": 0.5780590717299579,
    "roc_auc": 0.9891295068016251,
    "average_precision": 0.518770928542233,
    "brier_score": 0.010115964819866017
  },
  "test": {
    "accuracy": 0.9727592267135325,
    "precision": 0.48925619834710743,
    "recall": 0.8245125348189415,
    "f1_score": 0.6141078838174274,
    "roc_auc": 0.9780616432331493,
    "average_precision": 0.5235449420901639,
    "brier_score": 0.024265718844651795
  }
}