{
  "validation": {
    "accuracy": 0.9922267946959304,
    "precision": 0.65,
    "recall": 0.4230769230769231,
    "f1_score": 0.5125448028673835,
    "roc_auc": 0.9894479252717396,
    "average_precision": 0.6147052715668571,
    "brier_score": 0.005691862347137701
  },
  "test": {
    "accuracy": 0.9759145148669797,
    "precision": 0.6504629629629629,
    "recall": 0.746843853820598,
    "f1_score": 0.6953294154036499,
    "roc_auc": 0.9870337010553789,
    "average_precision": 0.7925019554030994,
    "brier_score": 0.017676137107098925
  }
}