feature,importance
AE_index,79426.66301870346
Dst_index,24382.154559135437
IMF_Magnitude,19689.200469493866
Flow_Pressure,15434.830472946167
IMF_Bx,6393.191175460815
Flow_Speed,6004.924777746201
Day,5301.411499500275
Proton_Temp,4627.726076841354
IMF_By,3786.6335504055023
Proton_Density,3688.6116523742676
Hour,3547.4009594917297
IMF_Bz,3368.1870136260986
Year,2018.611921787262
