{
  "validation": {
    "accuracy": 0.992299794661191,
    "precision": 0.6926070038910506,
    "recall": 0.4823848238482385,
    "f1_score": 0.5686900958466453,
    "roc_auc": 0.9899273225330609,
    "average_precision": 0.638124899968471,
    "brier_score": 0.0058347098547941794
  },
  "test": {
    "accuracy": 0.9832552235891427,
    "precision": 0.7169811320754716,
    "recall": 0.5998142989786444,
    "f1_score": 0.6531850353892821,
    "roc_auc": 0.9792835430121827,
    "average_precision": 0.7370431641221515,
    "brier_score": 0.012601225427852978
  }
}